{
"lengthUnit": "mil",
"remark": [],
"components": {
	"fields": ["COMPONENT_NO", "COMPONENT_NAME", "LAYER", "X_COORDINATE", "Y_COORDINATE", "ANGLE"],
	"rows": [
		[1, "C1", "T", 41.5065, -1125, 0],
		[2, "C2", "T", 20, 650, 0],
		[3, "H1", "T", 370, -180, 0],
		[4, "LED1", "T", 35, -788.1165, 0],
		[5, "LED2", "T", 35, -425.411, 0],
		[6, "LED3", "T", 35, -62.7055, 0],
		[7, "LED4", "T", 35, 300, 0],
		[8, "LED5", "T", -270, 1120, 0],
		[9, "LED6", "T", 325, 1115, 0],
		[10, "LED7", "T", 1395, -15, 0],
		[11, "LED8", "T", 725, -1790, 0],
		[12, "LED9", "T", -755, -1810, 0],
		[13, "LED10", "T", -1320, -30, 0],
		[14, "P1", "T", 520, -180, 0],
		[15, "R1", "T", 1035, -15, 90],
		[16, "R2", "T", -990, 0, 90],
		[17, "R3", "T", 640, -865, 20],
		[18, "U1", "T", 460, 175, 0],
		[19, "U2", "T", -510, -940, 70],
		[20, "PAD1", "T", 2.1365, -1125, 0],
		[21, "PAD1", "B", 2.1365, -1125, 0],
		[22, "PAD2", "T", 80.8765, -1125, 0],
		[23, "PAD2", "B", 80.8765, -1125, 0],
		[24, "PAD3", "T", -80, 650, 0],
		[25, "PAD3", "B", -80, 650, 0],
		[26, "PAD4", "T", 120, 650, 0],
		[27, "PAD4", "B", 120, 650, 0],
		[28, "PAD5", "T", 320, -180, 0],
		[29, "PAD5", "B", 320, -180, 0],
		[30, "PAD6", "T", 420, -180, 0],
		[31, "PAD6", "B", 420, -180, 0],
		[32, "PAD7", "T", -15, -788.1165, 0],
		[33, "PAD7", "B", -15, -788.1165, 0],
		[34, "PAD8", "T", 85, -788.1165, 0],
		[35, "PAD8", "B", 85, -788.1165, 0],
		[36, "PAD9", "T", -15, -425.411, 0],
		[37, "PAD9", "B", -15, -425.411, 0],
		[38, "PAD10", "T", 85, -425.411, 0],
		[39, "PAD10", "B", 85, -425.411, 0],
		[40, "PAD11", "T", -15, -62.7055, 0],
		[41, "PAD11", "B", -15, -62.7055, 0],
		[42, "PAD12", "T", 85, -62.7055, 0],
		[43, "PAD12", "B", 85, -62.7055, 0],
		[44, "PAD13", "T", -15, 300, 0],
		[45, "PAD13", "B", -15, 300, 0],
		[46, "PAD14", "T", 85, 300, 0],
		[47, "PAD14", "B", 85, 300, 0],
		[48, "PAD15", "T", -320, 1120, 0],
		[49, "PAD15", "B", -320, 1120, 0],
		[50, "PAD16", "T", -220, 1120, 0],
		[51, "PAD16", "B", -220, 1120, 0],
		[52, "PAD17", "T", 275, 1115, 0],
		[53, "PAD17", "B", 275, 1115, 0],
		[54, "PAD18", "T", 375, 1115, 0],
		[55, "PAD18", "B", 375, 1115, 0],
		[56, "PAD19", "T", 1345, -15, 0],
		[57, "PAD19", "B", 1345, -15, 0],
		[58, "PAD20", "T", 1445, -15, 0],
		[59, "PAD20", "B", 1445, -15, 0],
		[60, "PAD21", "T", 675, -1790, 0],
		[61, "PAD21", "B", 675, -1790, 0],
		[62, "PAD22", "T", 775, -1790, 0],
		[63, "PAD22", "B", 775, -1790, 0],
		[64, "PAD23", "T", -805, -1810, 0],
		[65, "PAD23", "B", -805, -1810, 0],
		[66, "PAD24", "T", -705, -1810, 0],
		[67, "PAD24", "B", -705, -1810, 0],
		[68, "PAD25", "T", -1370, -30, 0],
		[69, "PAD25", "B", -1370, -30, 0],
		[70, "PAD26", "T", -1270, -30, 0],
		[71, "PAD26", "B", -1270, -30, 0],
		[72, "PAD27", "T", 520, -180, 0],
		[73, "PAD27", "B", 520, -180, 0],
		[74, "PAD28", "T", 1035, -221.69, 0],
		[75, "PAD28", "B", 1035, -221.69, 0],
		[76, "PAD29", "T", 1035, 191.69, 0],
		[77, "PAD29", "B", 1035, 191.69, 0],
		[78, "PAD30", "T", -990, -206.695, 0],
		[79, "PAD30", "B", -990, -206.695, 0],
		[80, "PAD31", "T", -990, 206.695, 0],
		[81, "PAD31", "B", -990, 206.695, 0],
		[82, "PAD32", "T", 640.0017, -865.0047, 0],
		[83, "PAD32", "B", 640.0017, -865.0047, 0],
		[84, "PAD33", "T", 606.3367, -772.5108, 0],
		[85, "PAD33", "B", 606.3367, -772.5108, 0],
		[86, "PAD34", "T", 673.6633, -957.4892, 0],
		[87, "PAD34", "B", 673.6633, -957.4892, 0],
		[88, "PAD35", "T", 310, 25, 0],
		[89, "PAD35", "B", 310, 25, 0],
		[90, "PAD36", "T", 410, 25, 0],
		[91, "PAD36", "B", 410, 25, 0],
		[92, "PAD37", "T", 510, 25, 0],
		[93, "PAD37", "B", 510, 25, 0],
		[94, "PAD38", "T", 610, 25, 0],
		[95, "PAD38", "B", 610, 25, 0],
		[96, "PAD39", "T", 310, 325, 0],
		[97, "PAD39", "B", 310, 325, 0],
		[98, "PAD40", "T", 410, 325, 0],
		[99, "PAD40", "B", 410, 325, 0],
		[100, "PAD41", "T", 510, 325, 0],
		[101, "PAD41", "B", 510, 325, 0],
		[102, "PAD42", "T", 610, 325, 0],
		[103, "PAD42", "B", 610, 325, 0],
		[104, "PAD43", "T", -482.8331, -1322.3502, 0],
		[105, "PAD43", "B", -482.8331, -1322.3502, 0],
		[106, "PAD44", "T", -776.581, -1215.4347, 0],
		[107, "PAD44", "B", -776.581, -1215.4347, 0],
		[108, "PAD45", "T", -448.6311, -1228.3809, 0],
		[109, "PAD45", "B", -448.6311, -1228.3809, 0],
		[110, "PAD46", "T", -742.379, -1121.4654, 0],
		[111, "PAD46", "B", -742.379, -1121.4654, 0],
		[112, "PAD47", "T", -414.4291, -1134.4116, 0],
		[113, "PAD47", "B", -414.4291, -1134.4116, 0],
		[114, "PAD48", "T", -708.177, -1027.4961, 0],
		[115, "PAD48", "B", -708.177, -1027.4961, 0],
		[116, "PAD49", "T", -380.2271, -1040.4424, 0],
		[117, "PAD49", "B", -380.2271, -1040.4424, 0],
		[118, "PAD50", "T", -673.975, -933.5269, 0],
		[119, "PAD50", "B", -673.975, -933.5269, 0],
		[120, "PAD51", "T", -346.025, -946.4731, 0],
		[121, "PAD51", "B", -346.025, -946.4731, 0],
		[122, "PAD52", "T", -311.823, -852.5039, 0],
		[123, "PAD52", "B", -311.823, -852.5039, 0],
		[124, "PAD53", "T", -605.5709, -745.5884, 0],
		[125, "PAD53", "B", -605.5709, -745.5884, 0],
		[126, "PAD54", "T", -277.621, -758.5346, 0],
		[127, "PAD54", "B", -277.621, -758.5346, 0],
		[128, "PAD55", "T", -571.3689, -651.6191, 0],
		[129, "PAD55", "B", -571.3689, -651.6191, 0],
		[130, "PAD56", "T", -243.419, -664.5653, 0],
		[131, "PAD56", "B", -243.419, -664.5653, 0],
		[132, "PAD57", "T", -537.1669, -557.6498, 0],
		[133, "PAD57", "B", -537.1669, -557.6498, 0]
	]
},
"pins": {
	"fields": ["PIN_NO", "PIN_NAME", "PIN_X", "PIN_Y", "LAYER", "PIN_TYPE", "NET_NAME", "NET_TYPE", "PAD_SHAPE", "PAD_SIZEX", "PAD_SIZEY", "HOLE_SIZE", "HOLE_LEN", "PAD_ANGLE"],
	"rows": [
		[1, "C1_1", 2.1365, -1125, "T", "DIP", "$1N3535", "", "C", 51.181, 51.181, 31.496, 31.496, 0],
		[2, "C1_1", 2.1365, -1125, "B", "DIP", "$1N3535", "", "C", 51.181, 51.181, 31.496, 31.496, 0],
		[3, "C1_2", 80.8765, -1125, "T", "DIP", "GND", "GND", "C", 51.181, 51.181, 31.496, 31.496, 0],
		[4, "C1_2", 80.8765, -1125, "B", "DIP", "GND", "GND", "C", 51.181, 51.181, 31.496, 31.496, 0],
		[5, "C2_1", -80, 650, "T", "DIP", "GND", "GND", "C", 70.866, 70.866, 47.244, 47.244, 0],
		[6, "C2_1", -80, 650, "B", "DIP", "GND", "GND", "C", 70.866, 70.866, 47.244, 47.244, 0],
		[7, "C2_2", 120, 650, "T", "DIP", "$1N3725", "", "C", 70.866, 70.866, 47.244, 47.244, 0],
		[8, "C2_2", 120, 650, "B", "DIP", "$1N3725", "", "C", 70.866, 70.866, 47.244, 47.244, 0],
		[9, "H1_1", 320, -180, "T", "DIP", "GND", "GND", "R", 78.74, 78.74, 47.244, 47.244, 0],
		[10, "H1_1", 320, -180, "B", "DIP", "GND", "GND", "R", 78.74, 78.74, 47.244, 47.244, 0],
		[11, "H1_2", 420, -180, "T", "DIP", "VCC", "", "C", 78.74, 78.74, 47.244, 47.244, 0],
		[12, "H1_2", 420, -180, "B", "DIP", "VCC", "", "C", 78.74, 78.74, 47.244, 47.244, 0],
		[13, "LED1_1", -15, -788.1165, "T", "DIP", "$1N3080", "", "C", 70.866, 70.866, 39.37, 39.37, 0],
		[14, "LED1_1", -15, -788.1165, "B", "DIP", "$1N3080", "", "C", 70.866, 70.866, 39.37, 39.37, 0],
		[15, "LED1_2", 85, -788.1165, "T", "DIP", "$1N3345", "", "C", 70.866, 70.866, 39.37, 39.37, 0],
		[16, "LED1_2", 85, -788.1165, "B", "DIP", "$1N3345", "", "C", 70.866, 70.866, 39.37, 39.37, 0],
		[17, "LED2_1", -15, -425.411, "T", "DIP", "$1N3080", "", "C", 70.866, 70.866, 39.37, 39.37, 0],
		[18, "LED2_1", -15, -425.411, "B", "DIP", "$1N3080", "", "C", 70.866, 70.866, 39.37, 39.37, 0],
		[19, "LED2_2", 85, -425.411, "T", "DIP", "$1N3351", "", "C", 70.866, 70.866, 39.37, 39.37, 0],
		[20, "LED2_2", 85, -425.411, "B", "DIP", "$1N3351", "", "C", 70.866, 70.866, 39.37, 39.37, 0],
		[21, "LED3_1", -15, -62.7055, "T", "DIP", "$1N3080", "", "C", 70.866, 70.866, 39.37, 39.37, 0],
		[22, "LED3_1", -15, -62.7055, "B", "DIP", "$1N3080", "", "C", 70.866, 70.866, 39.37, 39.37, 0],
		[23, "LED3_2", 85, -62.7055, "T", "DIP", "$1N3358", "", "C", 70.866, 70.866, 39.37, 39.37, 0],
		[24, "LED3_2", 85, -62.7055, "B", "DIP", "$1N3358", "", "C", 70.866, 70.866, 39.37, 39.37, 0],
		[25, "LED4_1", -15, 300, "T", "DIP", "$1N3080", "", "C", 70.866, 70.866, 39.37, 39.37, 0],
		[26, "LED4_1", -15, 300, "B", "DIP", "$1N3080", "", "C", 70.866, 70.866, 39.37, 39.37, 0],
		[27, "LED4_2", 85, 300, "T", "DIP", "$1N3486", "", "C", 70.866, 70.866, 39.37, 39.37, 0],
		[28, "LED4_2", 85, 300, "B", "DIP", "$1N3486", "", "C", 70.866, 70.866, 39.37, 39.37, 0],
		[29, "LED5_1", -320, 1120, "T", "DIP", "$1N3080", "", "C", 70.866, 70.866, 39.37, 39.37, 0],
		[30, "LED5_1", -320, 1120, "B", "DIP", "$1N3080", "", "C", 70.866, 70.866, 39.37, 39.37, 0],
		[31, "LED5_2", -220, 1120, "T", "DIP", "$1N3423", "", "C", 70.866, 70.866, 39.37, 39.37, 0],
		[32, "LED5_2", -220, 1120, "B", "DIP", "$1N3423", "", "C", 70.866, 70.866, 39.37, 39.37, 0],
		[33, "LED6_1", 275, 1115, "T", "DIP", "$1N3080", "", "C", 70.866, 70.866, 39.37, 39.37, 0],
		[34, "LED6_1", 275, 1115, "B", "DIP", "$1N3080", "", "C", 70.866, 70.866, 39.37, 39.37, 0],
		[35, "LED6_2", 375, 1115, "T", "DIP", "$1N3416", "", "C", 70.866, 70.866, 39.37, 39.37, 0],
		[36, "LED6_2", 375, 1115, "B", "DIP", "$1N3416", "", "C", 70.866, 70.866, 39.37, 39.37, 0],
		[37, "LED7_1", 1345, -15, "T", "DIP", "$1N3080", "", "C", 70.866, 70.866, 39.37, 39.37, 0],
		[38, "LED7_1", 1345, -15, "B", "DIP", "$1N3080", "", "C", 70.866, 70.866, 39.37, 39.37, 0],
		[39, "LED7_2", 1445, -15, "T", "DIP", "$1N3409", "", "C", 70.866, 70.866, 39.37, 39.37, 0],
		[40, "LED7_2", 1445, -15, "B", "DIP", "$1N3409", "", "C", 70.866, 70.866, 39.37, 39.37, 0],
		[41, "LED8_1", 675, -1790, "T", "DIP", "$1N3080", "", "C", 70.866, 70.866, 39.37, 39.37, 0],
		[42, "LED8_1", 675, -1790, "B", "DIP", "$1N3080", "", "C", 70.866, 70.866, 39.37, 39.37, 0],
		[43, "LED8_2", 775, -1790, "T", "DIP", "$1N3403", "", "C", 70.866, 70.866, 39.37, 39.37, 0],
		[44, "LED8_2", 775, -1790, "B", "DIP", "$1N3403", "", "C", 70.866, 70.866, 39.37, 39.37, 0],
		[45, "LED9_1", -805, -1810, "T", "DIP", "$1N3080", "", "C", 70.866, 70.866, 39.37, 39.37, 0],
		[46, "LED9_1", -805, -1810, "B", "DIP", "$1N3080", "", "C", 70.866, 70.866, 39.37, 39.37, 0],
		[47, "LED9_2", -705, -1810, "T", "DIP", "$1N3365", "", "C", 70.866, 70.866, 39.37, 39.37, 0],
		[48, "LED9_2", -705, -1810, "B", "DIP", "$1N3365", "", "C", 70.866, 70.866, 39.37, 39.37, 0],
		[49, "LED10_1", -1370, -30, "T", "DIP", "$1N3080", "", "C", 70.866, 70.866, 39.37, 39.37, 0],
		[50, "LED10_1", -1370, -30, "B", "DIP", "$1N3080", "", "C", 70.866, 70.866, 39.37, 39.37, 0],
		[51, "LED10_2", -1270, -30, "T", "DIP", "$1N3480", "", "C", 70.866, 70.866, 39.37, 39.37, 0],
		[52, "LED10_2", -1270, -30, "B", "DIP", "$1N3480", "", "C", 70.866, 70.866, 39.37, 39.37, 0],
		[53, "P1_1", 520, -180, "T", "DIP", "CLOCK", "", "C", 66.929, 66.929, 43.308, 43.308, 0],
		[54, "P1_1", 520, -180, "B", "DIP", "CLOCK", "", "C", 66.929, 66.929, 43.308, 43.308, 0],
		[55, "R1_1", 1035, -221.69, "T", "DIP", "$1N3606", "", "C", 55.118, 55.118, 27.56, 27.56, 90],
		[56, "R1_1", 1035, -221.69, "B", "DIP", "$1N3606", "", "C", 55.118, 55.118, 27.56, 27.56, 90],
		[57, "R1_2", 1035, 191.69, "T", "DIP", "VCC", "", "C", 55.118, 55.118, 27.56, 27.56, 90],
		[58, "R1_2", 1035, 191.69, "B", "DIP", "VCC", "", "C", 55.118, 55.118, 27.56, 27.56, 90],
		[59, "R2_1", -990, -206.695, "T", "DIP", "GND", "GND", "R", 62.992, 62.992, 36, 36, 90],
		[60, "R2_1", -990, -206.695, "B", "DIP", "GND", "GND", "R", 62.992, 62.992, 36, 36, 90],
		[61, "R2_2", -990, 206.695, "T", "DIP", "$1N3080", "", "C", 62.992, 62.992, 36, 36, 90],
		[62, "R2_2", -990, 206.695, "B", "DIP", "$1N3080", "", "C", 62.992, 62.992, 36, 36, 90],
		[63, "R3_1", 606.3367, -772.5108, "T", "DIP", "$1N3535", "", "C", 60, 60, 30, 30, 290],
		[64, "R3_1", 606.3367, -772.5108, "B", "DIP", "$1N3535", "", "C", 60, 60, 30, 30, 290],
		[65, "R3_2", 640.0017, -865.0047, "T", "DIP", "$1N3606", "", "C", 60, 60, 30, 30, 290],
		[66, "R3_2", 640.0017, -865.0047, "B", "DIP", "$1N3606", "", "C", 60, 60, 30, 30, 290],
		[67, "R3_3", 673.6633, -957.4892, "T", "DIP", "$1N3606", "", "C", 60, 60, 30, 30, 290],
		[68, "R3_3", 673.6633, -957.4892, "B", "DIP", "$1N3606", "", "C", 60, 60, 30, 30, 290],
		[69, "U1_1", 310, 25, "T", "DIP", "GND", "GND", "R", 59.055, 59.055, 35.434, 35.434, 0],
		[70, "U1_1", 310, 25, "B", "DIP", "GND", "GND", "R", 59.055, 59.055, 35.434, 35.434, 0],
		[71, "U1_2", 410, 25, "T", "DIP", "$1N3535", "", "C", 59.055, 59.055, 35.434, 35.434, 90],
		[72, "U1_2", 410, 25, "B", "DIP", "$1N3535", "", "C", 59.055, 59.055, 35.434, 35.434, 90],
		[73, "U1_3", 510, 25, "T", "DIP", "CLOCK", "", "C", 59.055, 59.055, 35.434, 35.434, 90],
		[74, "U1_3", 510, 25, "B", "DIP", "CLOCK", "", "C", 59.055, 59.055, 35.434, 35.434, 90],
		[75, "U1_4", 610, 25, "T", "DIP", "VCC", "", "C", 59.055, 59.055, 35.434, 35.434, 90],
		[76, "U1_4", 610, 25, "B", "DIP", "VCC", "", "C", 59.055, 59.055, 35.434, 35.434, 90],
		[77, "U1_5", 610, 325, "T", "DIP", "$1N3725", "", "C", 59.055, 59.055, 35.434, 35.434, 90],
		[78, "U1_5", 610, 325, "B", "DIP", "$1N3725", "", "C", 59.055, 59.055, 35.434, 35.434, 90],
		[79, "U1_6", 510, 325, "T", "DIP", "$1N3535", "", "C", 59.055, 59.055, 35.434, 35.434, 90],
		[80, "U1_6", 510, 325, "B", "DIP", "$1N3535", "", "C", 59.055, 59.055, 35.434, 35.434, 90],
		[81, "U1_7", 410, 325, "T", "DIP", "$1N3606", "", "C", 59.055, 59.055, 35.434, 35.434, 90],
		[82, "U1_7", 410, 325, "B", "DIP", "$1N3606", "", "C", 59.055, 59.055, 35.434, 35.434, 90],
		[83, "U1_8", 310, 325, "T", "DIP", "VCC", "", "C", 59.055, 59.055, 35.434, 35.434, 90],
		[84, "U1_8", 310, 325, "B", "DIP", "VCC", "", "C", 59.055, 59.055, 35.434, 35.434, 90],
		[85, "U2_1", -482.8331, -1322.3502, "T", "DIP", "$1N3480", "", "O", 56.693, 70.866, 31.496, 31.496, 70],
		[86, "U2_1", -482.8331, -1322.3502, "B", "DIP", "$1N3480", "", "O", 56.693, 70.866, 31.496, 31.496, 70],
		[87, "U2_2", -448.6311, -1228.3809, "T", "DIP", "$1N3351", "", "O", 56.693, 70.866, 31.496, 31.496, 70],
		[88, "U2_2", -448.6311, -1228.3809, "B", "DIP", "$1N3351", "", "O", 56.693, 70.866, 31.496, 31.496, 70],
		[89, "U2_3", -414.4291, -1134.4116, "T", "DIP", "$1N3345", "", "O", 56.693, 70.866, 31.496, 31.496, 70],
		[90, "U2_3", -414.4291, -1134.4116, "B", "DIP", "$1N3345", "", "O", 56.693, 70.866, 31.496, 31.496, 70],
		[91, "U2_4", -380.2271, -1040.4424, "T", "DIP", "$1N3358", "", "O", 56.693, 70.866, 31.496, 31.496, 70],
		[92, "U2_4", -380.2271, -1040.4424, "B", "DIP", "$1N3358", "", "O", 56.693, 70.866, 31.496, 31.496, 70],
		[93, "U2_5", -346.025, -946.4731, "T", "DIP", "$1N3423", "", "O", 56.693, 70.866, 31.496, 31.496, 70],
		[94, "U2_5", -346.025, -946.4731, "B", "DIP", "$1N3423", "", "O", 56.693, 70.866, 31.496, 31.496, 70],
		[95, "U2_6", -311.823, -852.5039, "T", "DIP", "$1N3416", "", "O", 56.693, 70.866, 31.496, 31.496, 70],
		[96, "U2_6", -311.823, -852.5039, "B", "DIP", "$1N3416", "", "O", 56.693, 70.866, 31.496, 31.496, 70],
		[97, "U2_7", -277.621, -758.5346, "T", "DIP", "$1N3365", "", "O", 56.693, 70.866, 31.496, 31.496, 70],
		[98, "U2_7", -277.621, -758.5346, "B", "DIP", "$1N3365", "", "O", 56.693, 70.866, 31.496, 31.496, 70],
		[99, "U2_8", -243.419, -664.5653, "T", "DIP", "GND", "GND", "O", 56.693, 70.866, 31.496, 31.496, 70],
		[100, "U2_8", -243.419, -664.5653, "B", "DIP", "GND", "GND", "O", 56.693, 70.866, 31.496, 31.496, 70],
		[101, "U2_9", -537.1669, -557.6498, "T", "DIP", "$1N3409", "", "O", 56.693, 70.866, 31.496, 31.496, 70],
		[102, "U2_9", -537.1669, -557.6498, "B", "DIP", "$1N3409", "", "O", 56.693, 70.866, 31.496, 31.496, 70],
		[103, "U2_10", -571.3689, -651.6191, "T", "DIP", "$1N3486", "", "O", 56.693, 70.866, 31.496, 31.496, 70],
		[104, "U2_10", -571.3689, -651.6191, "B", "DIP", "$1N3486", "", "O", 56.693, 70.866, 31.496, 31.496, 70],
		[105, "U2_11", -605.5709, -745.5884, "T", "DIP", "$1N3403", "", "O", 56.693, 70.866, 31.496, 31.496, 70],
		[106, "U2_11", -605.5709, -745.5884, "B", "DIP", "$1N3403", "", "O", 56.693, 70.866, 31.496, 31.496, 70],
		[107, "U2_12", -639.7729, -839.5576, "T", "DIP", "NET_1", "", "O", 56.693, 70.866, 31.496, 31.496, 70],
		[108, "U2_12", -639.7729, -839.5576, "B", "DIP", "NET_1", "", "O", 56.693, 70.866, 31.496, 31.496, 70],
		[109, "U2_13", -673.975, -933.5269, "T", "DIP", "GND", "GND", "O", 56.693, 70.866, 31.496, 31.496, 70],
		[110, "U2_13", -673.975, -933.5269, "B", "DIP", "GND", "GND", "O", 56.693, 70.866, 31.496, 31.496, 70],
		[111, "U2_14", -708.177, -1027.4961, "T", "DIP", "CLOCK", "", "O", 56.693, 70.866, 31.496, 31.496, 70],
		[112, "U2_14", -708.177, -1027.4961, "B", "DIP", "CLOCK", "", "O", 56.693, 70.866, 31.496, 31.496, 70],
		[113, "U2_15", -742.379, -1121.4654, "T", "DIP", "GND", "GND", "O", 56.693, 70.866, 31.496, 31.496, 70],
		[114, "U2_15", -742.379, -1121.4654, "B", "DIP", "GND", "GND", "O", 56.693, 70.866, 31.496, 31.496, 70],
		[115, "U2_16", -776.581, -1215.4347, "T", "DIP", "VCC", "", "O", 56.693, 70.866, 31.496, 31.496, 70],
		[116, "U2_16", -776.581, -1215.4347, "B", "DIP", "VCC", "", "O", 56.693, 70.866, 31.496, 31.496, 70],
		[117, "PAD1_1", 2.1365, -1125, "T", "DIP", "$1N3535", "", "C", 51.181, 51.181, 31.496, 31.496, 0],
		[118, "PAD1_1", 2.1365, -1125, "B", "DIP", "$1N3535", "", "C", 51.181, 51.181, 31.496, 31.496, 0],
		[119, "PAD2_2", 80.8765, -1125, "T", "DIP", "GND", "GND", "C", 51.181, 51.181, 31.496, 31.496, 0],
		[120, "PAD2_2", 80.8765, -1125, "B", "DIP", "GND", "GND", "C", 51.181, 51.181, 31.496, 31.496, 0],
		[121, "PAD3_1", -80, 650, "T", "DIP", "GND", "GND", "C", 70.866, 70.866, 47.244, 47.244, 0],
		[122, "PAD3_1", -80, 650, "B", "DIP", "GND", "GND", "C", 70.866, 70.866, 47.244, 47.244, 0],
		[123, "PAD4_2", 120, 650, "T", "DIP", "$1N3725", "", "C", 70.866, 70.866, 47.244, 47.244, 0],
		[124, "PAD4_2", 120, 650, "B", "DIP", "$1N3725", "", "C", 70.866, 70.866, 47.244, 47.244, 0],
		[125, "PAD5_1", 320, -180, "T", "DIP", "GND", "GND", "R", 78.74, 78.74, 47.244, 47.244, 0],
		[126, "PAD5_1", 320, -180, "B", "DIP", "GND", "GND", "R", 78.74, 78.74, 47.244, 47.244, 0],
		[127, "PAD6_2", 420, -180, "T", "DIP", "VCC", "", "C", 78.74, 78.74, 47.244, 47.244, 0],
		[128, "PAD6_2", 420, -180, "B", "DIP", "VCC", "", "C", 78.74, 78.74, 47.244, 47.244, 0],
		[129, "PAD7_1", -15, -788.1165, "T", "DIP", "$1N3080", "", "C", 70.866, 70.866, 39.37, 39.37, 0],
		[130, "PAD7_1", -15, -788.1165, "B", "DIP", "$1N3080", "", "C", 70.866, 70.866, 39.37, 39.37, 0],
		[131, "PAD8_2", 85, -788.1165, "T", "DIP", "$1N3345", "", "C", 70.866, 70.866, 39.37, 39.37, 0],
		[132, "PAD8_2", 85, -788.1165, "B", "DIP", "$1N3345", "", "C", 70.866, 70.866, 39.37, 39.37, 0],
		[133, "PAD9_1", -15, -425.411, "T", "DIP", "$1N3080", "", "C", 70.866, 70.866, 39.37, 39.37, 0],
		[134, "PAD9_1", -15, -425.411, "B", "DIP", "$1N3080", "", "C", 70.866, 70.866, 39.37, 39.37, 0],
		[135, "PAD10_2", 85, -425.411, "T", "DIP", "$1N3351", "", "C", 70.866, 70.866, 39.37, 39.37, 0],
		[136, "PAD10_2", 85, -425.411, "B", "DIP", "$1N3351", "", "C", 70.866, 70.866, 39.37, 39.37, 0],
		[137, "PAD11_1", -15, -62.7055, "T", "DIP", "$1N3080", "", "C", 70.866, 70.866, 39.37, 39.37, 0],
		[138, "PAD11_1", -15, -62.7055, "B", "DIP", "$1N3080", "", "C", 70.866, 70.866, 39.37, 39.37, 0],
		[139, "PAD12_2", 85, -62.7055, "T", "DIP", "$1N3358", "", "C", 70.866, 70.866, 39.37, 39.37, 0],
		[140, "PAD12_2", 85, -62.7055, "B", "DIP", "$1N3358", "", "C", 70.866, 70.866, 39.37, 39.37, 0],
		[141, "PAD13_1", -15, 300, "T", "DIP", "$1N3080", "", "C", 70.866, 70.866, 39.37, 39.37, 0],
		[142, "PAD13_1", -15, 300, "B", "DIP", "$1N3080", "", "C", 70.866, 70.866, 39.37, 39.37, 0],
		[143, "PAD14_2", 85, 300, "T", "DIP", "$1N3486", "", "C", 70.866, 70.866, 39.37, 39.37, 0],
		[144, "PAD14_2", 85, 300, "B", "DIP", "$1N3486", "", "C", 70.866, 70.866, 39.37, 39.37, 0],
		[145, "PAD15_1", -320, 1120, "T", "DIP", "$1N3080", "", "C", 70.866, 70.866, 39.37, 39.37, 0],
		[146, "PAD15_1", -320, 1120, "B", "DIP", "$1N3080", "", "C", 70.866, 70.866, 39.37, 39.37, 0],
		[147, "PAD16_2", -220, 1120, "T", "DIP", "$1N3423", "", "C", 70.866, 70.866, 39.37, 39.37, 0],
		[148, "PAD16_2", -220, 1120, "B", "DIP", "$1N3423", "", "C", 70.866, 70.866, 39.37, 39.37, 0],
		[149, "PAD17_1", 275, 1115, "T", "DIP", "$1N3080", "", "C", 70.866, 70.866, 39.37, 39.37, 0],
		[150, "PAD17_1", 275, 1115, "B", "DIP", "$1N3080", "", "C", 70.866, 70.866, 39.37, 39.37, 0],
		[151, "PAD18_2", 375, 1115, "T", "DIP", "$1N3416", "", "C", 70.866, 70.866, 39.37, 39.37, 0],
		[152, "PAD18_2", 375, 1115, "B", "DIP", "$1N3416", "", "C", 70.866, 70.866, 39.37, 39.37, 0],
		[153, "PAD19_1", 1345, -15, "T", "DIP", "$1N3080", "", "C", 70.866, 70.866, 39.37, 39.37, 0],
		[154, "PAD19_1", 1345, -15, "B", "DIP", "$1N3080", "", "C", 70.866, 70.866, 39.37, 39.37, 0],
		[155, "PAD20_2", 1445, -15, "T", "DIP", "$1N3409", "", "C", 70.866, 70.866, 39.37, 39.37, 0],
		[156, "PAD20_2", 1445, -15, "B", "DIP", "$1N3409", "", "C", 70.866, 70.866, 39.37, 39.37, 0],
		[157, "PAD21_1", 675, -1790, "T", "DIP", "$1N3080", "", "C", 70.866, 70.866, 39.37, 39.37, 0],
		[158, "PAD21_1", 675, -1790, "B", "DIP", "$1N3080", "", "C", 70.866, 70.866, 39.37, 39.37, 0],
		[159, "PAD22_2", 775, -1790, "T", "DIP", "$1N3403", "", "C", 70.866, 70.866, 39.37, 39.37, 0],
		[160, "PAD22_2", 775, -1790, "B", "DIP", "$1N3403", "", "C", 70.866, 70.866, 39.37, 39.37, 0],
		[161, "PAD23_1", -805, -1810, "T", "DIP", "$1N3080", "", "C", 70.866, 70.866, 39.37, 39.37, 0],
		[162, "PAD23_1", -805, -1810, "B", "DIP", "$1N3080", "", "C", 70.866, 70.866, 39.37, 39.37, 0],
		[163, "PAD24_2", -705, -1810, "T", "DIP", "$1N3365", "", "C", 70.866, 70.866, 39.37, 39.37, 0],
		[164, "PAD24_2", -705, -1810, "B", "DIP", "$1N3365", "", "C", 70.866, 70.866, 39.37, 39.37, 0],
		[165, "PAD25_1", -1370, -30, "T", "DIP", "$1N3080", "", "C", 70.866, 70.866, 39.37, 39.37, 0],
		[166, "PAD25_1", -1370, -30, "B", "DIP", "$1N3080", "", "C", 70.866, 70.866, 39.37, 39.37, 0],
		[167, "PAD26_2", -1270, -30, "T", "DIP", "$1N3480", "", "C", 70.866, 70.866, 39.37, 39.37, 0],
		[168, "PAD26_2", -1270, -30, "B", "DIP", "$1N3480", "", "C", 70.866, 70.866, 39.37, 39.37, 0],
		[169, "PAD27_1", 520, -180, "T", "DIP", "CLOCK", "", "C", 66.929, 66.929, 43.308, 43.308, 0],
		[170, "PAD27_1", 520, -180, "B", "DIP", "CLOCK", "", "C", 66.929, 66.929, 43.308, 43.308, 0],
		[171, "PAD28_1", 1035, -221.69, "T", "DIP", "$1N3606", "", "C", 55.118, 55.118, 27.56, 27.56, 90],
		[172, "PAD28_1", 1035, -221.69, "B", "DIP", "$1N3606", "", "C", 55.118, 55.118, 27.56, 27.56, 90],
		[173, "PAD29_2", 1035, 191.69, "T", "DIP", "VCC", "", "C", 55.118, 55.118, 27.56, 27.56, 90],
		[174, "PAD29_2", 1035, 191.69, "B", "DIP", "VCC", "", "C", 55.118, 55.118, 27.56, 27.56, 90],
		[175, "PAD30_1", -990, -206.695, "T", "DIP", "GND", "GND", "R", 62.992, 62.992, 36, 36, 90],
		[176, "PAD30_1", -990, -206.695, "B", "DIP", "GND", "GND", "R", 62.992, 62.992, 36, 36, 90],
		[177, "PAD31_2", -990, 206.695, "T", "DIP", "$1N3080", "", "C", 62.992, 62.992, 36, 36, 90],
		[178, "PAD31_2", -990, 206.695, "B", "DIP", "$1N3080", "", "C", 62.992, 62.992, 36, 36, 90],
		[179, "PAD32_2", 640.0017, -865.0047, "T", "DIP", "$1N3606", "", "C", 60, 60, 30, 30, 290],
		[180, "PAD32_2", 640.0017, -865.0047, "B", "DIP", "$1N3606", "", "C", 60, 60, 30, 30, 290],
		[181, "PAD33_1", 606.3367, -772.5108, "T", "DIP", "$1N3535", "", "C", 60, 60, 30, 30, 290],
		[182, "PAD33_1", 606.3367, -772.5108, "B", "DIP", "$1N3535", "", "C", 60, 60, 30, 30, 290],
		[183, "PAD34_3", 673.6633, -957.4892, "T", "DIP", "$1N3606", "", "C", 60, 60, 30, 30, 290],
		[184, "PAD34_3", 673.6633, -957.4892, "B", "DIP", "$1N3606", "", "C", 60, 60, 30, 30, 290],
		[185, "PAD35_1", 310, 25, "T", "DIP", "GND", "GND", "R", 59.055, 59.055, 35.434, 35.434, 0],
		[186, "PAD35_1", 310, 25, "B", "DIP", "GND", "GND", "R", 59.055, 59.055, 35.434, 35.434, 0],
		[187, "PAD36_2", 410, 25, "T", "DIP", "$1N3535", "", "C", 59.055, 59.055, 35.434, 35.434, 90],
		[188, "PAD36_2", 410, 25, "B", "DIP", "$1N3535", "", "C", 59.055, 59.055, 35.434, 35.434, 90],
		[189, "PAD37_3", 510, 25, "T", "DIP", "CLOCK", "", "C", 59.055, 59.055, 35.434, 35.434, 90],
		[190, "PAD37_3", 510, 25, "B", "DIP", "CLOCK", "", "C", 59.055, 59.055, 35.434, 35.434, 90],
		[191, "PAD38_4", 610, 25, "T", "DIP", "VCC", "", "C", 59.055, 59.055, 35.434, 35.434, 90],
		[192, "PAD38_4", 610, 25, "B", "DIP", "VCC", "", "C", 59.055, 59.055, 35.434, 35.434, 90],
		[193, "PAD39_8", 310, 325, "T", "DIP", "VCC", "", "C", 59.055, 59.055, 35.434, 35.434, 90],
		[194, "PAD39_8", 310, 325, "B", "DIP", "VCC", "", "C", 59.055, 59.055, 35.434, 35.434, 90],
		[195, "PAD40_7", 410, 325, "T", "DIP", "$1N3606", "", "C", 59.055, 59.055, 35.434, 35.434, 90],
		[196, "PAD40_7", 410, 325, "B", "DIP", "$1N3606", "", "C", 59.055, 59.055, 35.434, 35.434, 90],
		[197, "PAD41_6", 510, 325, "T", "DIP", "$1N3535", "", "C", 59.055, 59.055, 35.434, 35.434, 90],
		[198, "PAD41_6", 510, 325, "B", "DIP", "$1N3535", "", "C", 59.055, 59.055, 35.434, 35.434, 90],
		[199, "PAD42_5", 610, 325, "T", "DIP", "$1N3725", "", "C", 59.055, 59.055, 35.434, 35.434, 90],
		[200, "PAD42_5", 610, 325, "B", "DIP", "$1N3725", "", "C", 59.055, 59.055, 35.434, 35.434, 90],
		[201, "PAD43_1", -482.8331, -1322.3502, "T", "DIP", "$1N3480", "", "O", 56.693, 70.866, 31.496, 31.496, 70],
		[202, "PAD43_1", -482.8331, -1322.3502, "B", "DIP", "$1N3480", "", "O", 56.693, 70.866, 31.496, 31.496, 70],
		[203, "PAD44_16", -776.581, -1215.4347, "T", "DIP", "VCC", "", "O", 56.693, 70.866, 31.496, 31.496, 70],
		[204, "PAD44_16", -776.581, -1215.4347, "B", "DIP", "VCC", "", "O", 56.693, 70.866, 31.496, 31.496, 70],
		[205, "PAD45_2", -448.6311, -1228.3809, "T", "DIP", "$1N3351", "", "O", 56.693, 70.866, 31.496, 31.496, 70],
		[206, "PAD45_2", -448.6311, -1228.3809, "B", "DIP", "$1N3351", "", "O", 56.693, 70.866, 31.496, 31.496, 70],
		[207, "PAD46_15", -742.379, -1121.4654, "T", "DIP", "GND", "GND", "O", 56.693, 70.866, 31.496, 31.496, 70],
		[208, "PAD46_15", -742.379, -1121.4654, "B", "DIP", "GND", "GND", "O", 56.693, 70.866, 31.496, 31.496, 70],
		[209, "PAD47_3", -414.4291, -1134.4116, "T", "DIP", "$1N3345", "", "O", 56.693, 70.866, 31.496, 31.496, 70],
		[210, "PAD47_3", -414.4291, -1134.4116, "B", "DIP", "$1N3345", "", "O", 56.693, 70.866, 31.496, 31.496, 70],
		[211, "PAD48_14", -708.177, -1027.4961, "T", "DIP", "CLOCK", "", "O", 56.693, 70.866, 31.496, 31.496, 70],
		[212, "PAD48_14", -708.177, -1027.4961, "B", "DIP", "CLOCK", "", "O", 56.693, 70.866, 31.496, 31.496, 70],
		[213, "PAD49_4", -380.2271, -1040.4424, "T", "DIP", "$1N3358", "", "O", 56.693, 70.866, 31.496, 31.496, 70],
		[214, "PAD49_4", -380.2271, -1040.4424, "B", "DIP", "$1N3358", "", "O", 56.693, 70.866, 31.496, 31.496, 70],
		[215, "PAD50_13", -673.975, -933.5269, "T", "DIP", "GND", "GND", "O", 56.693, 70.866, 31.496, 31.496, 70],
		[216, "PAD50_13", -673.975, -933.5269, "B", "DIP", "GND", "GND", "O", 56.693, 70.866, 31.496, 31.496, 70],
		[217, "PAD51_5", -346.025, -946.4731, "T", "DIP", "$1N3423", "", "O", 56.693, 70.866, 31.496, 31.496, 70],
		[218, "PAD51_5", -346.025, -946.4731, "B", "DIP", "$1N3423", "", "O", 56.693, 70.866, 31.496, 31.496, 70],
		[219, "PAD52_6", -311.823, -852.5039, "T", "DIP", "$1N3416", "", "O", 56.693, 70.866, 31.496, 31.496, 70],
		[220, "PAD52_6", -311.823, -852.5039, "B", "DIP", "$1N3416", "", "O", 56.693, 70.866, 31.496, 31.496, 70],
		[221, "PAD53_11", -605.5709, -745.5884, "T", "DIP", "$1N3403", "", "O", 56.693, 70.866, 31.496, 31.496, 70],
		[222, "PAD53_11", -605.5709, -745.5884, "B", "DIP", "$1N3403", "", "O", 56.693, 70.866, 31.496, 31.496, 70],
		[223, "PAD54_7", -277.621, -758.5346, "T", "DIP", "$1N3365", "", "O", 56.693, 70.866, 31.496, 31.496, 70],
		[224, "PAD54_7", -277.621, -758.5346, "B", "DIP", "$1N3365", "", "O", 56.693, 70.866, 31.496, 31.496, 70],
		[225, "PAD55_10", -571.3689, -651.6191, "T", "DIP", "$1N3486", "", "O", 56.693, 70.866, 31.496, 31.496, 70],
		[226, "PAD55_10", -571.3689, -651.6191, "B", "DIP", "$1N3486", "", "O", 56.693, 70.866, 31.496, 31.496, 70],
		[227, "PAD56_8", -243.419, -664.5653, "T", "DIP", "GND", "GND", "O", 56.693, 70.866, 31.496, 31.496, 70],
		[228, "PAD56_8", -243.419, -664.5653, "B", "DIP", "GND", "GND", "O", 56.693, 70.866, 31.496, 31.496, 70],
		[229, "PAD57_9", -537.1669, -557.6498, "T", "DIP", "$1N3409", "", "O", 56.693, 70.866, 31.496, 31.496, 70],
		[230, "PAD57_9", -537.1669, -557.6498, "B", "DIP", "$1N3409", "", "O", 56.693, 70.866, 31.496, 31.496, 70]
	]
}
}